{"train_samples_per_second":12.693,"eval/steps_per_second":4.755,"train_runtime":64.2873,"_timestamp":1.7480888575696766e+09,"eval/samples_per_second":18.83,"_runtime":63.623202945,"train/grad_norm":0.1763871740245294,"train/global_step":13,"train_steps_per_second":0.202,"eval/loss":1.2452096939086914,"eval/runtime":5.2575,"train/epoch":1,"train_loss":1.4971851660655096,"_step":15,"train/learning_rate":0,"_wandb":{"runtime":91},"total_flos":7.00872879243264e+14,"train/loss":1.2132}