{"_step":0,"total_flos":2.947438486749184e+15,"_runtime":0.97546036,"train/global_step":18,"train_steps_per_second":1.823,"train/epoch":2.88,"train_runtime":1.6456,"_wandb":{"runtime":11},"train_loss":0,"_timestamp":1.7479331334220285e+09,"train_samples_per_second":1456.601}