{"train_steps_per_second":10.693,"train_loss":0,"_runtime":1.023390747,"train_runtime":1.6833,"total_flos":3.671274559635456e+15,"train/epoch":2.88,"_step":0,"train_samples_per_second":1424.014,"_wandb":{"runtime":4},"train/global_step":18,"_timestamp":1.7479337411598237e+09}