{"train_steps_per_second":0.157,"_timestamp":1.7479328655689385e+09,"train_loss":1.1378492249382868,"_step":1,"train/grad_norm":0.026857192076992352,"train_samples_per_second":20.916,"_wandb":{"runtime":140},"train/loss":1.1954,"train/global_step":18,"train_runtime":114.601,"train/learning_rate":0.0002,"total_flos":2.947438486749184e+15,"_runtime":113.926721481,"train/epoch":2.88}