{"train/epoch":2,"train/global_step":204,"eval/loss":0.980357825756073,"train/learning_rate":0,"eval/runtime":8.9928,"train_steps_per_second":0.207,"train/loss":0.9561,"_timestamp":1.7480608564905977e+09,"train_samples_per_second":1.654,"total_flos":3.9045329584128e+13,"_runtime":986.230116848,"train_runtime":986.8806,"train/grad_norm":0.31517864799188644,"train_loss":0.9693838518624213,"eval/steps_per_second":2.78,"eval/samples_per_second":11.009,"_wandb":{"runtime":1006},"_step":244}