{"_step":7,"total_flos":3.430185126854656e+15,"train/epoch":2.88,"_wandb":{"runtime":396},"train/global_step":36,"train/loss":0.9492,"train_steps_per_second":0.097,"train_samples_per_second":6.451,"_timestamp":1.7479342791226504e+09,"_runtime":370.897076064,"train_runtime":371.5754,"train_loss":1.0343267520268757,"train/grad_norm":0.011445108118695918,"train/learning_rate":0.0002}