{"eval/loss":1.1560959815979004,"train_loss":1.3914997210869422,"eval/steps_per_second":3.018,"train_runtime":85.478,"_wandb":{"runtime":116},"train/loss":1.1286,"eval/samples_per_second":11.951,"train_samples_per_second":9.546,"_runtime":84.826894258,"_step":15,"total_flos":7.14114531852288e+14,"_timestamp":1.7481054001664603e+09,"train/epoch":1,"eval/runtime":8.2835,"train/global_step":13,"train/grad_norm":0.1591911456424033,"train_steps_per_second":0.152,"train/learning_rate":0}