{"train_runtime":61.9483,"_runtime":61.29416113,"train_samples_per_second":13.172,"_timestamp":1.7481462823627627e+09,"train/grad_norm":0.17705090531836648,"total_flos":7.00872879243264e+14,"train/loss":1.2138,"_wandb":{"runtime":80},"eval/loss":1.2463921308517456,"train/epoch":1,"train/global_step":13,"_step":15,"train_loss":1.4976162543663611,"train_steps_per_second":0.21,"eval/runtime":5.232,"eval/steps_per_second":4.778,"train/learning_rate":0,"eval/samples_per_second":18.922}