{"_wandb":{"runtime":331},"_timestamp":1.7480596559499147e+09,"eval/runtime":8.3434,"eval/samples_per_second":11.866,"train/learning_rate":0,"_runtime":309.394029969,"_step":60,"train_steps_per_second":0.161,"train_loss":1.1095994365215303,"train_samples_per_second":5.264,"total_flos":1.37387959123968e+15,"train/global_step":50,"train/epoch":1.9607843137254903,"eval/steps_per_second":2.996,"train/grad_norm":0.06529987140863963,"eval/loss":1.0105878114700317,"train_runtime":310.0564,"train/loss":0.9303}