{"_wandb":{"runtime":642},"train/loss":1.0244,"eval/steps_per_second":3.011,"train/grad_norm":0.09811050703018785,"total_flos":1.401243612217344e+15,"train_steps_per_second":0.164,"eval/runtime":8.3019,"train/global_step":102,"train_loss":1.0868697417717355,"_step":122,"_runtime":622.029687447,"train/epoch":2,"train/learning_rate":0,"_timestamp":1.7480571463290071e+09,"eval/samples_per_second":11.925,"train_runtime":622.6943,"train_samples_per_second":2.621,"eval/loss":0.9896928668022156}