{"_wandb":{"runtime":143},"total_flos":1.401745758486528e+15,"eval/runtime":5.3077,"_timestamp":1.7481052077091696e+09,"eval/samples_per_second":18.652,"train/epoch":2,"train/grad_norm":0.06525018624312172,"train/loss":1.0416,"eval/loss":1.0691345930099487,"train_loss":1.2641392304347112,"_runtime":126.362499332,"train_samples_per_second":12.849,"eval/steps_per_second":4.71,"_step":31,"train_steps_per_second":0.205,"train/learning_rate":0,"train/global_step":26,"train_runtime":127.0159}