{"train/loss":1.1778,"_step":15,"train_steps_per_second":0.207,"train_loss":1.4745469735218928,"eval/samples_per_second":18.842,"train_runtime":62.913,"eval/runtime":5.2543,"_wandb":{"runtime":81},"train_samples_per_second":12.907,"eval/loss":1.2325330972671509,"_timestamp":1.748088177768914e+09,"train/global_step":13,"train/epoch":1,"_runtime":62.249633642,"eval/steps_per_second":4.758,"total_flos":7.00872879243264e+14,"train/grad_norm":0.17176994570580678,"train/learning_rate":0}