{"eval/samples_per_second":54.419,"_step":143,"train_runtime":440.7212,"_wandb":{"runtime":465},"train_samples_per_second":18.515,"eval/runtime":1.8192,"train/global_step":130,"train_loss":1.1422359934219948,"train/epoch":10,"train/loss":0.9735,"eval/steps_per_second":2.199,"eval/loss":1.2906795740127563,"train_steps_per_second":0.295,"train/grad_norm":0.090979804969652,"_timestamp":1.7479364069637096e+09,"_runtime":440.047834466,"train/learning_rate":0,"total_flos":7.335144981528576e+15}