{"train/grad_norm":0.1534566532465939,"eval/runtime":1.8634,"train_loss":1.3855831439678485,"train/loss":1.2883,"eval/loss":1.2697495222091675,"train/global_step":26,"train/epoch":1,"eval/samples_per_second":53.129,"train/learning_rate":0,"_step":28,"_runtime":60.993349391,"train_steps_per_second":0.422,"train_runtime":61.6501,"total_flos":1.9905462140928e+13,"_timestamp":1.7479358547739098e+09,"_wandb":{"runtime":83},"eval/steps_per_second":2.147,"train_samples_per_second":13.236}