{"_timestamp":1.748066546942219e+09,"train/grad_norm":0.7563648434930761,"train/learning_rate":0.000196078431372549,"_wandb":{"runtime":19},"train/epoch":0.0392156862745098,"_runtime":18.746481979,"train/global_step":2,"train/loss":1.9353,"_step":1}