{"train/epoch":1,"_wandb":{"runtime":83},"eval/runtime":5.2309,"train/loss":1.214,"eval/steps_per_second":4.779,"total_flos":7.00872879243264e+14,"_timestamp":1.7481464718482342e+09,"train_samples_per_second":12.728,"eval/loss":1.2466915845870972,"train_steps_per_second":0.203,"train/grad_norm":0.17541589804344923,"eval/samples_per_second":18.926,"_step":15,"train_runtime":64.1116,"train_loss":1.4977983969908495,"_runtime":63.437110042,"train/learning_rate":0,"train/global_step":13}