{"train/grad_norm":0.08163891010533066,"train/learning_rate":0,"eval/loss":1.0265274047851562,"_runtime":246.105802913,"train_samples_per_second":3.307,"train/loss":1.0358,"eval/runtime":6.6655,"train_runtime":246.7728,"total_flos":6.87430667599872e+14,"train/global_step":51,"_wandb":{"runtime":267},"train_steps_per_second":0.207,"train/epoch":1,"eval/steps_per_second":3.751,"_step":61,"train_loss":1.1417406364983202,"eval/samples_per_second":14.853,"_timestamp":1.7480900670055583e+09}