{"train/grad_norm":0.010208077763872826,"train_runtime":375.1698,"_step":7,"train_samples_per_second":6.389,"_wandb":{"runtime":398},"train/epoch":2.88,"train/loss":0.9815,"train/global_step":36,"train_steps_per_second":0.096,"total_flos":3.430185126854656e+15,"train_loss":1.0706788069672055,"train/learning_rate":6.25e-06,"_timestamp":1.7479347716851127e+09,"_runtime":374.551713303}