{"train/global_step":102,"_step":122,"eval/steps_per_second":2.986,"total_flos":1.401243612217344e+15,"eval/loss":0.9865385293960571,"train/epoch":2,"train/grad_norm":0.09421363360949324,"train_runtime":625.9706,"train_steps_per_second":0.163,"_runtime":625.297779626,"train/loss":1.0001,"train/learning_rate":0,"eval/samples_per_second":11.824,"_timestamp":1.748064252664003e+09,"train_samples_per_second":2.594,"train_loss":1.0204483808255662,"_wandb":{"runtime":648},"eval/runtime":8.3725}