{"train/epoch":2,"train_samples_per_second":2.611,"eval/runtime":8.3886,"train/loss":1.0157,"train_steps_per_second":0.163,"train/global_step":102,"train_runtime":625.0419,"eval/steps_per_second":2.98,"_runtime":624.37956826,"_timestamp":1.7480578589595437e+09,"_wandb":{"runtime":646},"eval/samples_per_second":11.802,"total_flos":1.401243612217344e+15,"_step":122,"train/learning_rate":0,"train/grad_norm":0.09184899401402677,"train_loss":1.020768343817954,"eval/loss":0.9868462085723877}