{"_timestamp":1.7480615648178596e+09,"train/epoch":2,"_wandb":{"runtime":640},"train_loss":1.0216183165709178,"eval/runtime":8.3613,"_step":122,"train_samples_per_second":2.625,"train/loss":1.0005,"eval/steps_per_second":2.99,"train/grad_norm":0.09417661431858487,"_runtime":618.018968441,"eval/samples_per_second":11.84,"train/global_step":102,"eval/loss":0.987063467502594,"train_runtime":618.6859,"train/learning_rate":0,"train_steps_per_second":0.165,"total_flos":1.401243612217344e+15}