{"_timestamp":1.7480649745628264e+09,"train_runtime":626.1636,"eval/loss":0.986717164516449,"train_loss":1.023818465424519,"train/global_step":102,"train/learning_rate":0,"eval/samples_per_second":11.861,"eval/runtime":8.3469,"train/grad_norm":0.0967822681009947,"train/epoch":2,"_step":122,"_wandb":{"runtime":648},"train_steps_per_second":0.163,"train/loss":1.0166,"eval/steps_per_second":2.995,"train_samples_per_second":2.606,"_runtime":625.473725712,"total_flos":1.401243612217344e+15}