{"train/epoch":1,"train/loss":1.0249,"eval/steps_per_second":3.022,"eval/samples_per_second":11.968,"train_runtime":319.5163,"train_steps_per_second":0.16,"train/grad_norm":0.08341485940302869,"_timestamp":1.748059230014629e+09,"eval/loss":1.0153653621673584,"eval/runtime":8.2722,"total_flos":7.00527163736064e+14,"train_loss":1.1076757019641352,"_step":61,"train/learning_rate":0,"train/global_step":51,"_wandb":{"runtime":340},"_runtime":318.835405736,"train_samples_per_second":2.554}