{"train/epoch":2,"train_steps_per_second":0.162,"_wandb":{"runtime":650},"train/learning_rate":0,"eval/samples_per_second":11.968,"_timestamp":1.7480587343812861e+09,"eval/runtime":8.272,"_runtime":628.449924099,"train_runtime":629.0973,"train_loss":1.0239664696010888,"eval/steps_per_second":3.022,"train_samples_per_second":2.594,"train/grad_norm":0.09689461768698962,"total_flos":1.401243612217344e+15,"train/loss":1.017,"eval/loss":0.9866231083869934,"_step":122,"train/global_step":102}