{"train/epoch":4,"eval/samples_per_second":12.087,"train_samples_per_second":2.701,"_step":244,"_runtime":1207.596288027,"train_steps_per_second":0.169,"train_loss":0.9405608396319782,"train/loss":0.8478,"train_runtime":1208.263,"train/global_step":204,"eval/loss":1.001083254814148,"eval/runtime":8.1909,"_timestamp":1.7479395044148624e+09,"train/grad_norm":0.17688966651700724,"_wandb":{"runtime":1228},"train/learning_rate":0,"eval/steps_per_second":3.052,"total_flos":2.802676509179904e+15}