{"eval/steps_per_second":3.349,"train_loss":1.4750066903921275,"train/global_step":13,"_timestamp":1.7487022195583382e+09,"_step":15,"train/grad_norm":0.17253565526868575,"eval/samples_per_second":13.261,"train/learning_rate":0,"_runtime":102.127452711,"_wandb":{"runtime":124},"train_runtime":102.9602,"train_samples_per_second":7.887,"train/loss":1.1782,"train_steps_per_second":0.126,"train/epoch":1,"total_flos":7.00872879243264e+14,"eval/runtime":7.4654,"eval/loss":1.2333335876464844}