{"train_steps_per_second":0.166,"eval/samples_per_second":11.847,"_wandb":{"runtime":30684},"train/global_step":5100,"eval/runtime":8.3563,"train/epoch":100,"train/learning_rate":0,"_step":6120,"train_samples_per_second":2.661,"total_flos":7.006785915322368e+16,"eval/steps_per_second":2.992,"train/grad_norm":0.020991964926623398,"train_loss":0.31038995612485737,"train_runtime":30661.9459,"eval/loss":3.884849786758423,"train/loss":0.2765,"_runtime":30661.285902001,"_timestamp":1.7479985283012166e+09}