{"train_samples_per_second":7.835,"eval/loss":1.0778981447219849,"train_steps_per_second":0.24,"_timestamp":1.7481045614003334e+09,"eval/steps_per_second":4.745,"train/loss":1.0306,"train_runtime":104.1445,"_runtime":103.484076202,"_wandb":{"runtime":127},"eval/runtime":5.2688,"_step":30,"train_loss":1.2830788803100586,"train/epoch":0.9803921568627451,"total_flos":6.7398845595648e+14,"eval/samples_per_second":18.79,"train/global_step":25,"train/learning_rate":0,"train/grad_norm":0.07774444229498678}