{"eval/steps_per_second":2.987,"train/global_step":102,"train_loss":1.0243202430360459,"train_samples_per_second":2.632,"_timestamp":1.7480560135789914e+09,"eval/loss":0.986691951751709,"train/grad_norm":0.09693856237957002,"total_flos":1.401243612217344e+15,"train/epoch":2,"train_steps_per_second":0.164,"_runtime":619.447441081,"eval/samples_per_second":11.83,"train/loss":1.0166,"_step":122,"train_runtime":620.0897,"train/learning_rate":0,"_wandb":{"runtime":640},"eval/runtime":8.3683}